frame,id,cx,cy,x,y,w,h,proc_ms
26,0,853,258,815,246,77,24,172.445
27,0,853,258,815,246,77,24,6.954
28,0,853,258,815,246,77,24,6.925
29,0,853,258,815,246,77,24,6.144
30,0,853,258,815,246,77,24,105.503
31,0,853,258,815,246,77,24,5.888
32,0,853,258,815,246,77,24,5.394
33,0,853,258,815,246,77,24,5.817
34,0,853,258,815,246,77,24,4.872
35,0,853,258,815,246,77,24,5.648
36,0,853,258,815,246,77,24,5.243
37,0,853,258,815,246,77,24,5.564
38,0,853,258,815,246,77,24,5.335
39,0,853,258,815,246,77,24,5.443
40,0,853,258,815,246,77,24,138.149
41,0,853,258,815,246,77,24,6.033
42,0,853,258,815,246,77,24,5.802
43,0,853,258,815,246,77,24,5.417
44,0,853,258,815,246,77,24,4.938
45,0,853,258,815,246,77,24,5.669
46,0,853,258,815,246,77,24,6.322
47,0,853,258,815,246,77,24,4.931
48,0,853,258,815,246,77,24,5.351
49,0,853,258,815,246,77,24,5.866
50,0,853,258,815,246,77,24,109.153
51,0,853,258,815,246,77,24,5.807
52,0,853,258,815,246,77,24,6.177
53,0,853,258,815,246,77,24,6.396
54,0,853,258,815,246,77,24,4.935
55,0,853,258,815,246,77,24,5.48
56,0,853,258,815,246,77,24,5.506
57,0,853,258,815,246,77,24,6.081
58,0,853,258,815,246,77,24,4.958
59,0,853,258,815,246,77,24,5.443
60,0,853,258,815,246,77,24,116.425
61,0,853,258,815,246,77,24,4.955
62,0,853,258,815,246,77,24,4.998
63,0,853,258,815,246,77,24,5.308
64,0,853,258,815,246,77,24,5.58
65,0,853,258,815,246,77,24,5.31
66,0,853,258,815,246,77,24,4.932
67,0,853,258,815,246,77,24,5.023
68,0,853,258,815,246,77,24,5.584
69,0,853,258,815,246,77,24,6.125
70,0,853,258,815,246,77,24,104.374
71,0,853,258,815,246,77,24,7.081
72,0,853,258,815,246,77,24,6.073
73,0,853,258,815,246,77,24,6.348
74,0,853,258,815,246,77,24,6.986
75,0,853,258,815,246,77,24,4.926
76,0,853,258,815,246,77,24,8.787
77,0,853,258,815,246,77,24,6.463
78,0,853,258,815,246,77,24,6.423
79,0,853,258,815,246,77,24,4.948
80,0,853,258,815,246,77,24,86.08
81,0,853,258,815,246,77,24,6.698
82,0,853,258,815,246,77,24,5.791
83,0,853,258,815,246,77,24,5.434
84,0,853,258,815,246,77,24,5.514
85,0,853,258,815,246,77,24,6.913
86,0,853,258,815,246,77,24,5.279
87,0,853,258,815,246,77,24,8.987
88,0,853,258,815,246,77,24,5.261
89,0,853,258,815,246,77,24,6.477
90,0,853,258,815,246,77,24,112.177
91,0,853,258,815,246,77,24,6.318
92,0,853,258,815,246,77,24,5.77
93,0,853,258,815,246,77,24,4.863
94,0,853,258,815,246,77,24,5.583
95,0,853,258,815,246,77,24,4.954
96,0,853,258,815,246,77,24,5.658
97,0,853,258,815,246,77,24,5.718
98,0,853,258,815,246,77,24,5.645
99,0,853,258,815,246,77,24,5.102
100,0,853,258,815,246,77,24,96.338
101,0,853,258,815,246,77,24,5.006
102,0,853,258,815,246,77,24,5.672
103,0,853,258,815,246,77,24,5.927
104,0,853,258,815,246,77,24,6.915
105,0,853,258,815,246,77,24,6.753
106,0,853,258,815,246,77,24,7.456
107,0,853,258,815,246,77,24,6.677
108,0,853,258,815,246,77,24,7.759
109,0,853,258,815,246,77,24,6.293
110,0,853,258,815,246,77,24,110.515
111,0,853,258,815,246,77,24,6.016
112,0,853,258,815,246,77,24,5.736
113,0,853,258,815,246,77,24,5.658
114,0,853,258,815,246,77,24,5.634
115,0,853,258,815,246,77,24,5.639
116,0,853,258,815,246,77,24,6.187
117,0,853,258,815,246,77,24,5.715
118,0,853,258,815,246,77,24,6.524
119,0,853,258,815,246,77,24,5.905
120,0,853,258,815,246,77,24,110.371
121,0,853,258,815,246,77,24,5.308
122,0,853,258,815,246,77,24,5.326
123,0,853,258,815,246,77,24,5.15
124,0,853,258,815,246,77,24,5.745
125,0,853,258,815,246,77,24,5.528
126,0,853,258,815,246,77,24,5.509
127,0,853,258,815,246,77,24,5.333
128,0,853,258,815,246,77,24,6.499
129,0,853,258,815,246,77,24,5.575
130,0,853,258,815,246,77,24,119.907
131,0,853,258,815,246,77,24,6.761
132,0,853,258,815,246,77,24,6.734
133,0,853,258,815,246,77,24,6.432
134,0,853,258,815,246,77,24,6.508
135,0,853,258,815,246,77,24,7.643
136,0,853,258,815,246,77,24,6.574
137,0,853,258,815,246,77,24,6.24
138,0,853,258,815,246,77,24,6.385
139,0,853,258,815,246,77,24,6.914
140,0,853,258,815,246,77,24,145.208
141,0,853,258,815,246,77,24,6.427
142,0,853,258,815,246,77,24,6.065
143,0,853,258,815,246,77,24,5.778
144,0,853,258,815,246,77,24,5.348
145,0,853,258,815,246,77,24,6.45
146,0,853,258,815,246,77,24,5.84
147,0,853,258,815,246,77,24,5.857
148,0,853,258,815,246,77,24,5.502
149,0,853,258,815,246,77,24,5.25
150,0,853,258,815,246,77,24,139.063
151,0,853,258,815,246,77,24,6.813
152,0,853,258,815,246,77,24,7.358
153,0,853,258,815,246,77,24,6.741
154,0,853,258,815,246,77,24,6.504
155,0,853,258,815,246,77,24,5.587
156,0,853,258,815,246,77,24,5.863
157,0,853,258,815,246,77,24,5.97
158,0,853,258,815,246,77,24,6.019
159,0,853,258,815,246,77,24,5.214
160,0,853,258,815,246,77,24,110.447
161,0,853,258,815,246,77,24,6.221
162,0,853,258,815,246,77,24,5.987
163,0,853,258,815,246,77,24,5.266
164,0,853,258,815,246,77,24,5.635
165,0,853,258,815,246,77,24,5.377
166,0,853,258,815,246,77,24,5.415
167,0,853,258,815,246,77,24,6.486
168,0,853,258,815,246,77,24,6.014
169,0,853,258,815,246,77,24,5.772
170,0,853,258,815,246,77,24,103.38
171,0,853,258,815,246,77,24,5.629
172,0,853,258,815,246,77,24,8.043
173,0,853,258,815,246,77,24,6.714
174,0,853,258,815,246,77,24,5.302
175,0,853,258,815,246,77,24,5.434
176,0,853,258,815,246,77,24,6.292
177,0,853,258,815,246,77,24,5.65
178,0,853,258,815,246,77,24,5.496
179,0,853,258,815,246,77,24,5.264
180,0,853,258,815,246,77,24,171.86
181,0,853,258,815,246,77,24,5.872
182,0,853,258,815,246,77,24,6.688
183,0,853,258,815,246,77,24,7.42
184,0,853,258,815,246,77,24,6.641
185,0,853,258,815,246,77,24,7.998
186,0,853,258,815,246,77,24,7.799
187,0,853,258,815,246,77,24,6.492
188,0,853,258,815,246,77,24,6.521
189,0,853,258,815,246,77,24,7.257
190,0,853,258,815,246,77,24,126.919
191,0,853,258,815,246,77,24,6.598
192,0,853,258,815,246,77,24,6.62
193,0,853,258,815,246,77,24,5.93
194,0,853,258,815,246,77,24,5.933
195,0,853,258,815,246,77,24,6.165
196,0,853,258,815,246,77,24,5.451
197,0,853,258,815,246,77,24,5.742
198,0,853,258,815,246,77,24,7.709
199,0,853,258,815,246,77,24,8.056
200,0,853,258,815,246,77,24,161.167
201,0,853,258,815,246,77,24,5.624
202,0,853,258,815,246,77,24,5.657
203,0,853,258,815,246,77,24,5.984
204,0,853,258,815,246,77,24,5.916
205,0,853,258,815,246,77,24,5.891
206,0,853,258,815,246,77,24,6.259
207,0,853,258,815,246,77,24,6.667
208,0,853,258,815,246,77,24,5.972
209,0,853,258,815,246,77,24,5.367
210,0,853,258,815,246,77,24,126.846
211,0,853,258,815,246,77,24,5.43
212,0,853,258,815,246,77,24,6.004
213,0,853,258,815,246,77,24,7.863
214,0,853,258,815,246,77,24,5.264
215,0,853,258,815,246,77,24,5.61
216,0,853,258,815,246,77,24,5.475
217,0,853,258,815,246,77,24,6.078
218,0,853,258,815,246,77,24,6.312
219,0,853,258,815,246,77,24,6.111
220,0,853,258,815,246,77,24,138.24
221,0,853,258,815,246,77,24,5.57
222,0,853,258,815,246,77,24,5.164
223,0,853,258,815,246,77,24,5.501
224,0,853,258,815,246,77,24,5.558
225,0,853,258,815,246,77,24,5.602
226,0,853,258,815,246,77,24,5.644
227,0,853,258,815,246,77,24,6.075
228,0,853,258,815,246,77,24,5.875
229,0,853,258,815,246,77,24,5.879
230,0,853,258,815,246,77,24,86.876
231,0,853,258,815,246,77,24,6.202
232,0,853,258,815,246,77,24,5.358
233,0,853,258,815,246,77,24,5.13
234,0,853,258,815,246,77,24,4.883
235,0,853,258,815,246,77,24,5.582
236,0,853,258,815,246,77,24,5.026
237,0,853,258,815,246,77,24,6.043
238,0,853,258,815,246,77,24,6.329
239,0,853,258,815,246,77,24,5.302
240,0,853,258,815,246,77,24,105.964
241,0,853,258,815,246,77,24,5.479
242,0,853,258,815,246,77,24,5.805
243,0,853,258,815,246,77,24,5.08
244,0,853,258,815,246,77,24,5.624
245,0,853,258,815,246,77,24,4.962
246,0,853,258,815,246,77,24,5.428
247,0,853,258,815,246,77,24,5.498
248,0,853,258,815,246,77,24,5.423
249,0,853,258,815,246,77,24,6.003
250,0,853,258,815,246,77,24,133.231
251,0,853,258,815,246,77,24,6.152
252,0,853,258,815,246,77,24,5.057
253,0,853,258,815,246,77,24,5.815
254,0,853,258,815,246,77,24,5.531
255,0,853,258,815,246,77,24,5.619
256,0,853,258,815,246,77,24,5.248
257,0,853,258,815,246,77,24,5.422
258,0,853,258,815,246,77,24,5.525
259,0,853,258,815,246,77,24,5.986
260,0,853,258,815,246,77,24,113.682
261,0,853,258,815,246,77,24,5.098
262,0,853,258,815,246,77,24,4.842
263,0,853,258,815,246,77,24,5.874
264,0,853,258,815,246,77,24,4.978
265,0,853,258,815,246,77,24,5.748
266,0,853,258,815,246,77,24,5.329
267,0,853,258,815,246,77,24,5.991
268,0,853,258,815,246,77,24,5.597
269,0,853,258,815,246,77,24,5.671
270,0,853,258,815,246,77,24,109.334
271,0,853,258,815,246,77,24,5.706
272,0,853,258,815,246,77,24,4.947
273,0,853,258,815,246,77,24,6.803
274,0,853,258,815,246,77,24,5.194
275,0,853,258,815,246,77,24,5.649
276,0,853,258,815,246,77,24,5.489
277,0,853,258,815,246,77,24,4.928
278,0,853,258,815,246,77,24,5.532
279,0,853,258,815,246,77,24,4.974
280,0,853,258,815,246,77,24,95.001
281,0,853,258,815,246,77,24,6.471
282,0,853,258,815,246,77,24,6.399
283,0,853,258,815,246,77,24,4.934
284,0,853,258,815,246,77,24,5.337
285,0,853,258,815,246,77,24,5.004
286,0,853,258,815,246,77,24,4.743
287,0,853,258,815,246,77,24,5.627
288,0,853,258,815,246,77,24,5.677
289,0,853,258,815,246,77,24,5.746
290,0,853,258,815,246,77,24,113.721
291,0,853,258,815,246,77,24,5.782
292,0,853,258,815,246,77,24,5.04
293,0,853,258,815,246,77,24,5.043
294,0,853,258,815,246,77,24,6.094
295,0,853,258,815,246,77,24,6.049
296,0,853,258,815,246,77,24,5.874
297,0,853,258,815,246,77,24,6.585
298,0,853,258,815,246,77,24,5.96
299,0,853,258,815,246,77,24,5.44
300,0,853,258,815,246,77,24,130.316
301,0,853,258,815,246,77,24,5.737
302,0,853,258,815,246,77,24,5.04
303,0,853,258,815,246,77,24,5.71
304,0,853,258,815,246,77,24,5.41
305,0,853,258,815,246,77,24,5.579
306,0,853,258,815,246,77,24,6.78
307,0,853,258,815,246,77,24,5.398
308,0,853,258,815,246,77,24,5.634
309,0,853,258,815,246,77,24,5.755
310,0,853,258,815,246,77,24,109.515
311,0,853,258,815,246,77,24,6.058
312,0,853,258,815,246,77,24,7.048
313,0,853,258,815,246,77,24,5.107
314,0,853,258,815,246,77,24,4.933
315,0,853,258,815,246,77,24,5.791
316,0,853,258,815,246,77,24,6.399
317,0,853,258,815,246,77,24,5.127
318,0,853,258,815,246,77,24,4.933
319,0,853,258,815,246,77,24,5.876
320,0,853,258,815,246,77,24,129.672
321,0,853,258,815,246,77,24,5.552
322,0,853,258,815,246,77,24,6.624
323,0,853,258,815,246,77,24,6.233
324,0,853,258,815,246,77,24,5.385
325,0,853,258,815,246,77,24,5.129
326,0,853,258,815,246,77,24,5.763
327,0,853,258,815,246,77,24,5.229
328,0,853,258,815,246,77,24,5.636
329,0,853,258,815,246,77,24,5.572
330,0,853,258,815,246,77,24,122.541
331,0,853,258,815,246,77,24,6.252
332,0,853,258,815,246,77,24,5.449
333,0,853,258,815,246,77,24,6.541
334,0,853,258,815,246,77,24,6.915
335,0,853,258,815,246,77,24,5.857
336,0,853,258,815,246,77,24,6.363
337,0,853,258,815,246,77,24,6.235
338,0,853,258,815,246,77,24,6.196
339,0,853,258,815,246,77,24,5.492
340,0,853,258,815,246,77,24,194.323
341,0,853,258,815,246,77,24,5.574
342,0,853,258,815,246,77,24,6.059
343,0,853,258,815,246,77,24,6.303
344,0,853,258,815,246,77,24,16.769
345,0,853,258,815,246,77,24,5.405
346,0,853,258,815,246,77,24,5.45
347,0,853,258,815,246,77,24,5.093
348,0,853,258,815,246,77,24,5.018
349,0,853,258,815,246,77,24,5.712
350,0,853,258,815,246,77,24,108.411
351,0,853,258,815,246,77,24,7.011
352,0,853,258,815,246,77,24,8.336
353,0,853,258,815,246,77,24,6.518
354,0,853,258,815,246,77,24,6.934
355,0,853,258,815,246,77,24,6.003
356,0,853,258,815,246,77,24,6.282
357,0,853,258,815,246,77,24,7.175
358,0,853,258,815,246,77,24,5.886
359,0,853,258,815,246,77,24,6.211
360,0,853,258,815,246,77,24,120.218
361,0,853,258,815,246,77,24,6.495
362,0,853,258,815,246,77,24,6.068
363,0,853,258,815,246,77,24,5.686
364,0,853,258,815,246,77,24,5.772
365,0,853,258,815,246,77,24,5.751
366,0,853,258,815,246,77,24,6.957
367,0,853,258,815,246,77,24,6.62
368,0,853,258,815,246,77,24,5.812
369,0,853,258,815,246,77,24,5.255
370,0,853,258,815,246,77,24,125.511
371,0,853,258,815,246,77,24,6.045
372,0,853,258,815,246,77,24,5.085
373,0,853,258,815,246,77,24,6.054
374,0,853,258,815,246,77,24,4.919
375,0,853,258,815,246,77,24,5.637
376,0,853,258,815,246,77,24,5.479
377,0,853,258,815,246,77,24,5.572
378,0,853,258,815,246,77,24,5.55
379,0,853,258,815,246,77,24,5.655
380,0,853,258,815,246,77,24,152.679
381,0,853,258,815,246,77,24,4.967
382,0,853,258,815,246,77,24,5.907
383,0,853,258,815,246,77,24,6.479
384,0,853,258,815,246,77,24,5.162
385,0,853,258,815,246,77,24,5.033
386,0,853,258,815,246,77,24,5.77
387,0,853,258,815,246,77,24,6.069
388,0,853,258,815,246,77,24,5.448
389,0,853,258,815,246,77,24,4.936
390,0,853,258,815,246,77,24,116.445
391,0,853,258,815,246,77,24,6.117
392,0,853,258,815,246,77,24,5.677
393,0,853,258,815,246,77,24,5.958
394,0,853,258,815,246,77,24,5.8
395,0,853,258,815,246,77,24,5.875
396,0,853,258,815,246,77,24,5.764
397,0,853,258,815,246,77,24,5.652
398,0,853,258,815,246,77,24,5.346
399,0,853,258,815,246,77,24,5.567
400,0,853,258,815,246,77,24,153.937
401,0,853,258,815,246,77,24,5.881
402,0,853,258,815,246,77,24,5.98
403,0,853,258,815,246,77,24,7.981
404,0,853,258,815,246,77,24,5.779
405,0,853,258,815,246,77,24,5.694
406,0,853,258,815,246,77,24,5.26
407,0,853,258,815,246,77,24,5.389
408,0,853,258,815,246,77,24,4.923
409,0,853,258,815,246,77,24,5.708
410,0,853,258,815,246,77,24,136.223
411,0,853,258,815,246,77,24,5.686
412,0,853,258,815,246,77,24,5.306
413,0,853,258,815,246,77,24,6.133
414,0,853,258,815,246,77,24,6.153
415,0,853,258,815,246,77,24,6.153
416,0,853,258,815,246,77,24,5.697
417,0,853,258,815,246,77,24,5.713
418,0,853,258,815,246,77,24,5.462
419,0,853,258,815,246,77,24,5.598
420,0,853,258,815,246,77,24,115.124
421,0,853,258,815,246,77,24,5.904
422,0,853,258,815,246,77,24,7.009
423,0,853,258,815,246,77,24,6.817
424,0,853,258,815,246,77,24,6.217
425,0,853,258,815,246,77,24,6.623
426,0,853,258,815,246,77,24,6.438
427,0,853,258,815,246,77,24,5.995
428,0,853,258,815,246,77,24,5.72
429,0,853,258,815,246,77,24,5.388
430,0,853,258,815,246,77,24,108.947
431,0,853,258,815,246,77,24,5.439
432,0,853,258,815,246,77,24,5.258
433,0,853,258,815,246,77,24,5.39
434,0,853,258,815,246,77,24,6.695
435,0,853,258,815,246,77,24,6.464
436,0,853,258,815,246,77,24,6.257
437,0,853,258,815,246,77,24,7.245
438,0,853,258,815,246,77,24,8.517
439,0,853,258,815,246,77,24,6.556
440,0,853,258,815,246,77,24,140.67
441,0,853,258,815,246,77,24,6.605
442,0,853,258,815,246,77,24,5.957
443,0,853,258,815,246,77,24,6.475
444,0,853,258,815,246,77,24,5.302
445,0,853,258,815,246,77,24,5.102
446,0,853,258,815,246,77,24,4.967
447,0,853,258,815,246,77,24,5.426
448,0,853,258,815,246,77,24,5.099
449,0,853,258,815,246,77,24,6.557
450,0,853,258,815,246,77,24,135.177
451,0,853,258,815,246,77,24,7.677
452,0,853,258,815,246,77,24,6.333
453,0,853,258,815,246,77,24,5.931
454,0,853,258,815,246,77,24,5.876
455,0,853,258,815,246,77,24,5.589
456,0,853,258,815,246,77,24,4.917
457,0,853,258,815,246,77,24,5.541
458,0,853,258,815,246,77,24,5.35
459,0,853,258,815,246,77,24,6.055
460,0,853,258,815,246,77,24,116.447
461,0,853,258,815,246,77,24,7.57
462,0,853,258,815,246,77,24,5.638
463,0,853,258,815,246,77,24,5.143
464,0,853,258,815,246,77,24,5.098
465,0,853,258,815,246,77,24,5.734
466,0,853,258,815,246,77,24,5.382
467,0,853,258,815,246,77,24,5.079
468,0,853,258,815,246,77,24,5.63
469,0,853,258,815,246,77,24,5.642
470,0,853,258,815,246,77,24,109.692
471,0,853,258,815,246,77,24,5.555
472,0,853,258,815,246,77,24,5.104
473,0,853,258,815,246,77,24,5.708
474,0,853,258,815,246,77,24,5.676
475,0,853,258,815,246,77,24,5.254
476,0,853,258,815,246,77,24,5.634
477,0,853,258,815,246,77,24,5.087
478,0,853,258,815,246,77,24,5.253
479,0,853,258,815,246,77,24,6.015
480,0,853,258,815,246,77,24,85.799
481,0,853,258,815,246,77,24,5.837
482,0,853,258,815,246,77,24,5.358
483,0,853,258,815,246,77,24,5.314
484,0,853,258,815,246,77,24,6.417
485,0,853,258,815,246,77,24,5.596
486,0,853,258,815,246,77,24,5.772
487,0,853,258,815,246,77,24,5.418
488,0,853,258,815,246,77,24,5.042
489,0,853,258,815,246,77,24,5.574
490,0,853,258,815,246,77,24,129.766
491,0,853,258,815,246,77,24,5.382
492,0,853,258,815,246,77,24,5.086
493,0,853,258,815,246,77,24,6.844
494,0,853,258,815,246,77,24,5.484
495,0,853,258,815,246,77,24,5.425
496,0,853,258,815,246,77,24,4.981
497,0,853,258,815,246,77,24,5.12
498,0,853,258,815,246,77,24,5.006
499,0,853,258,815,246,77,24,5.571
500,0,853,258,815,246,77,24,149.82
501,0,853,258,815,246,77,24,5.472
502,0,853,258,815,246,77,24,5.524
503,0,853,258,815,246,77,24,5.796
504,0,853,258,815,246,77,24,6.588
505,0,853,258,815,246,77,24,5.116
506,0,853,258,815,246,77,24,5.744
507,0,853,258,815,246,77,24,5.774
508,0,853,258,815,246,77,24,5.744
509,0,853,258,815,246,77,24,5.543
510,0,853,258,815,246,77,24,131.088
511,0,853,258,815,246,77,24,5.444
512,0,853,258,815,246,77,24,5.433
513,0,853,258,815,246,77,24,5.52
514,0,853,258,815,246,77,24,5.97
515,0,853,258,815,246,77,24,5.268
516,0,853,258,815,246,77,24,5.058
517,0,853,258,815,246,77,24,5.68
518,0,853,258,815,246,77,24,5.578
519,0,853,258,815,246,77,24,5.638
520,0,853,258,815,246,77,24,139.258
521,0,853,258,815,246,77,24,8.211
522,0,853,258,815,246,77,24,6.133
523,0,853,258,815,246,77,24,6.239
524,0,853,258,815,246,77,24,5.228
525,0,853,258,815,246,77,24,4.863
526,0,853,258,815,246,77,24,5.433
527,0,853,258,815,246,77,24,4.954
528,0,853,258,815,246,77,24,5.313
529,0,853,258,815,246,77,24,5.446
530,0,853,258,815,246,77,24,120.9
531,0,853,258,815,246,77,24,6.551
532,0,853,258,815,246,77,24,6.044
533,0,853,258,815,246,77,24,5.405
534,0,853,258,815,246,77,24,5.304
535,0,853,258,815,246,77,24,5.425
536,0,853,258,815,246,77,24,5.513
537,0,853,258,815,246,77,24,5.875
538,0,853,258,815,246,77,24,5.133
539,0,853,258,815,246,77,24,5.658
540,0,853,258,815,246,77,24,103.706
541,0,853,258,815,246,77,24,5.665
542,0,853,258,815,246,77,24,5.759
543,0,853,258,815,246,77,24,5.007
544,0,853,258,815,246,77,24,5.512
545,0,853,258,815,246,77,24,5.478
546,0,853,258,815,246,77,24,5.559
547,0,853,258,815,246,77,24,5.425
548,0,853,258,815,246,77,24,5.3
549,0,853,258,815,246,77,24,6.319
550,0,853,258,815,246,77,24,155.635
551,0,853,258,815,246,77,24,6.034
552,0,853,258,815,246,77,24,5.771
553,0,853,258,815,246,77,24,5.443
554,0,853,258,815,246,77,24,5.88
555,0,853,258,815,246,77,24,5.047
556,0,853,258,815,246,77,24,5.711
557,0,853,258,815,246,77,24,5.623
558,0,853,258,815,246,77,24,5.356
559,0,853,258,815,246,77,24,5.33
560,0,853,258,815,246,77,24,110.501
561,0,853,258,815,246,77,24,5.56
562,0,853,258,815,246,77,24,5.36
563,0,853,258,815,246,77,24,5.448
564,0,853,258,815,246,77,24,5.597
565,0,853,258,815,246,77,24,4.879
566,0,853,258,815,246,77,24,5.52
567,0,853,258,815,246,77,24,5.673
568,0,853,258,815,246,77,24,5.066
569,0,853,258,815,246,77,24,6.201
570,0,853,258,815,246,77,24,128.257
571,0,853,258,815,246,77,24,5.905
572,0,853,258,815,246,77,24,6.318
573,0,853,258,815,246,77,24,6.235
574,0,853,258,815,246,77,24,5.619
575,0,853,258,815,246,77,24,5.794
576,0,853,258,815,246,77,24,5.017
577,0,853,258,815,246,77,24,5.206
578,0,853,258,815,246,77,24,5.308
579,0,853,258,815,246,77,24,5.302
580,0,853,258,815,246,77,24,119.772
581,0,853,258,815,246,77,24,6.025
582,0,853,258,815,246,77,24,5.745
583,0,853,258,815,246,77,24,5.486
584,0,853,258,815,246,77,24,6.024
585,0,853,258,815,246,77,24,5.139
586,0,853,258,815,246,77,24,5.652
587,0,853,258,815,246,77,24,5.782
588,0,853,258,815,246,77,24,5.559
589,0,853,258,815,246,77,24,5.044
590,0,853,258,815,246,77,24,77.222
591,0,853,258,815,246,77,24,5.32
592,0,853,258,815,246,77,24,4.977
593,0,853,258,815,246,77,24,4.927
594,0,853,258,815,246,77,24,5.528
595,0,853,258,815,246,77,24,7.003
596,0,853,258,815,246,77,24,5.744
597,0,853,258,815,246,77,24,5.992
598,0,853,258,815,246,77,24,5.656
599,0,853,258,815,246,77,24,5.614
600,0,853,258,815,246,77,24,168.054
601,0,853,258,815,246,77,24,5.148
602,0,853,258,815,246,77,24,5.388
603,0,853,258,815,246,77,24,5.779
604,0,853,258,815,246,77,24,6.823
605,0,853,258,815,246,77,24,6.543
606,0,853,258,815,246,77,24,6.076
607,0,853,258,815,246,77,24,6.18
608,0,853,258,815,246,77,24,7.03
609,0,853,258,815,246,77,24,6.455
610,0,853,258,815,246,77,24,118.199
611,0,853,258,815,246,77,24,5.095
612,0,853,258,815,246,77,24,5.036
613,0,853,258,815,246,77,24,5.707
614,0,853,258,815,246,77,24,5.635
615,0,853,258,815,246,77,24,5.482
616,0,853,258,815,246,77,24,7.329
617,0,853,258,815,246,77,24,5.641
618,0,853,258,815,246,77,24,5.608
619,0,853,258,815,246,77,24,5.253
620,0,853,258,815,246,77,24,111.581
621,0,853,258,815,246,77,24,5.318
622,0,853,258,815,246,77,24,6.162
623,0,853,258,815,246,77,24,6.254
624,0,853,258,815,246,77,24,5.256
625,0,853,258,815,246,77,24,5.584
626,0,853,258,815,246,77,24,4.991
627,0,853,258,815,246,77,24,5.018
628,0,853,258,815,246,77,24,5.215
629,0,853,258,815,246,77,24,5.818
630,0,853,258,815,246,77,24,107.335
631,0,853,258,815,246,77,24,6.057
632,0,853,258,815,246,77,24,6.301
633,0,853,258,815,246,77,24,7.316
634,0,853,258,815,246,77,24,5.433
635,0,853,258,815,246,77,24,5.49
636,0,853,258,815,246,77,24,6.042
637,0,853,258,815,246,77,24,5.772
638,0,853,258,815,246,77,24,6.044
639,0,853,258,815,246,77,24,6.317
640,0,853,258,815,246,77,24,123.291
641,0,853,258,815,246,77,24,6.385
642,0,853,258,815,246,77,24,5.635
643,0,853,258,815,246,77,24,5.417
644,0,853,258,815,246,77,24,5.832
645,0,853,258,815,246,77,24,5.85
646,0,853,258,815,246,77,24,5.829
647,0,853,258,815,246,77,24,5.806
648,0,853,258,815,246,77,24,6.183
649,0,853,258,815,246,77,24,6.821
650,0,853,258,815,246,77,24,99.594
651,0,853,258,815,246,77,24,5.73
652,0,853,258,815,246,77,24,5.897
653,0,853,258,815,246,77,24,6.004
654,0,853,258,815,246,77,24,5.833
655,0,853,258,815,246,77,24,6.439
656,0,853,258,815,246,77,24,5.558
657,0,853,258,815,246,77,24,7.158
658,0,853,258,815,246,77,24,6.092
659,0,853,258,815,246,77,24,6.516
660,0,853,258,815,246,77,24,117.764
661,0,853,258,815,246,77,24,5.633
662,0,853,258,815,246,77,24,6.103
663,0,853,258,815,246,77,24,6.387
664,0,853,258,815,246,77,24,4.991
665,0,853,258,815,246,77,24,5.894
666,0,853,258,815,246,77,24,5.776
667,0,853,258,815,246,77,24,5.618
668,0,853,258,815,246,77,24,5.608
669,0,853,258,815,246,77,24,5.584
670,0,853,258,815,246,77,24,104.338
671,0,853,258,815,246,77,24,5.648
672,0,853,258,815,246,77,24,5.09
673,0,853,258,815,246,77,24,5.196
674,0,853,258,815,246,77,24,5.786
675,0,853,258,815,246,77,24,6.309
676,0,853,258,815,246,77,24,5.135
677,0,853,258,815,246,77,24,5.757
678,0,853,258,815,246,77,24,4.919
679,0,853,258,815,246,77,24,5.705
680,0,853,258,815,246,77,24,127.829
681,0,853,258,815,246,77,24,5.768
682,0,853,258,815,246,77,24,5.071
683,0,853,258,815,246,77,24,5.06
684,0,853,258,815,246,77,24,5.721
685,0,853,258,815,246,77,24,4.811
686,0,853,258,815,246,77,24,5.51
687,0,853,258,815,246,77,24,5.293
688,0,853,258,815,246,77,24,5.203
689,0,853,258,815,246,77,24,6.23
690,0,853,258,815,246,77,24,82.019
691,0,853,258,815,246,77,24,5.634
692,0,853,258,815,246,77,24,5.552
693,0,853,258,815,246,77,24,6.434
694,0,853,258,815,246,77,24,5.991
695,0,853,258,815,246,77,24,5.876
696,0,853,258,815,246,77,24,7.072
697,0,853,258,815,246,77,24,6.253
698,0,853,258,815,246,77,24,5.75
699,0,853,258,815,246,77,24,5.924
700,0,853,258,815,246,77,24,112.217
701,0,853,258,815,246,77,24,6.033
702,0,853,258,815,246,77,24,5.198
703,0,853,258,815,246,77,24,5.289
704,0,853,258,815,246,77,24,5.513
705,0,853,258,815,246,77,24,5.126
706,0,853,258,815,246,77,24,6.143
707,0,853,258,815,246,77,24,5.383
708,0,853,258,815,246,77,24,5.499
709,0,853,258,815,246,77,24,5.434
710,0,853,258,815,246,77,24,121.534
711,0,853,258,815,246,77,24,6.111
712,0,853,258,815,246,77,24,5.557
713,0,853,258,815,246,77,24,4.921
714,0,853,258,815,246,77,24,4.823
715,0,853,258,815,246,77,24,5.702
716,0,853,258,815,246,77,24,5.709
717,0,853,258,815,246,77,24,6.422
718,0,853,258,815,246,77,24,6.05
719,0,853,258,815,246,77,24,5.427
720,0,853,258,815,246,77,24,96.806
721,0,853,258,815,246,77,24,6.989
722,0,853,258,815,246,77,24,6.076
723,0,853,258,815,246,77,24,6.035
724,0,853,258,815,246,77,24,5.739
725,0,853,258,815,246,77,24,6.1
726,0,853,258,815,246,77,24,6.231
727,0,853,258,815,246,77,24,5.58
728,0,853,258,815,246,77,24,5.252
729,0,853,258,815,246,77,24,4.831
730,0,853,258,815,246,77,24,111.392
731,0,853,258,815,246,77,24,5.61
732,0,853,258,815,246,77,24,5.552
733,0,853,258,815,246,77,24,4.96
734,0,853,258,815,246,77,24,5.414
735,0,853,258,815,246,77,24,5.773
736,0,853,258,815,246,77,24,5.361
737,0,853,258,815,246,77,24,5.2
738,0,853,258,815,246,77,24,4.755
739,0,853,258,815,246,77,24,5.757
740,0,853,258,815,246,77,24,97.648
741,0,853,258,815,246,77,24,4.951
742,0,853,258,815,246,77,24,5.538
743,0,853,258,815,246,77,24,5.612
744,0,853,258,815,246,77,24,5.571
745,0,853,258,815,246,77,24,5.566
746,0,853,258,815,246,77,24,5.585
747,0,853,258,815,246,77,24,6.18
748,0,853,258,815,246,77,24,5.212
749,0,853,258,815,246,77,24,5.789
750,0,853,258,815,246,77,24,104.052
751,0,853,258,815,246,77,24,5.546
752,0,853,258,815,246,77,24,5.55
753,0,853,258,815,246,77,24,4.759
754,0,853,258,815,246,77,24,5.527
755,0,853,258,815,246,77,24,5.49
756,0,853,258,815,246,77,24,5.542
757,0,853,258,815,246,77,24,5.661
758,0,853,258,815,246,77,24,5.85
759,0,853,258,815,246,77,24,6.557
760,0,853,258,815,246,77,24,103.335
761,0,853,258,815,246,77,24,5.89
762,0,853,258,815,246,77,24,5.704
763,0,853,258,815,246,77,24,5.317
764,0,853,258,815,246,77,24,6.525
765,0,853,258,815,246,77,24,6.929
766,0,853,258,815,246,77,24,6.082
767,0,853,258,815,246,77,24,5.977
768,0,853,258,815,246,77,24,5.362
769,0,853,258,815,246,77,24,5.281
770,0,853,258,815,246,77,24,117.914
771,0,853,258,815,246,77,24,5.633
772,0,853,258,815,246,77,24,5.581
773,0,853,258,815,246,77,24,5.722
774,0,853,258,815,246,77,24,5.62
775,0,853,258,815,246,77,24,5.747
776,0,853,258,815,246,77,24,4.988
777,0,853,258,815,246,77,24,5.366
778,0,853,258,815,246,77,24,5.361
779,0,853,258,815,246,77,24,6.219
780,0,853,258,815,246,77,24,112.857
781,0,853,258,815,246,77,24,6.412
782,0,853,258,815,246,77,24,5.49
783,0,853,258,815,246,77,24,5.211
784,0,853,258,815,246,77,24,5.359
785,0,853,258,815,246,77,24,5.589
786,0,853,258,815,246,77,24,6.427
787,0,853,258,815,246,77,24,7.719
788,0,853,258,815,246,77,24,6.15
789,0,853,258,815,246,77,24,7.475
790,0,853,258,815,246,77,24,93.955
791,0,853,258,815,246,77,24,5.402
792,0,853,258,815,246,77,24,5.822
793,0,853,258,815,246,77,24,5.504
794,0,853,258,815,246,77,24,5.658
795,0,853,258,815,246,77,24,5.601
796,0,853,258,815,246,77,24,5.304
797,0,853,258,815,246,77,24,4.887
798,0,853,258,815,246,77,24,5.13
799,0,853,258,815,246,77,24,5.508
800,0,853,258,815,246,77,24,85.704
801,0,853,258,815,246,77,24,5.979
802,0,853,258,815,246,77,24,6.329
803,0,853,258,815,246,77,24,7.82
804,0,853,258,815,246,77,24,5.833
805,0,853,258,815,246,77,24,5.869
806,0,853,258,815,246,77,24,5.519
807,0,853,258,815,246,77,24,5.727
808,0,853,258,815,246,77,24,7.35
809,0,853,258,815,246,77,24,5.068
810,0,853,258,815,246,77,24,125.389
811,0,853,258,815,246,77,24,6.757
812,0,853,258,815,246,77,24,6.26
813,0,853,258,815,246,77,24,5.893
814,0,853,258,815,246,77,24,6.002
815,0,853,258,815,246,77,24,5.031
816,0,853,258,815,246,77,24,5.483
817,0,853,258,815,246,77,24,5.515
818,0,853,258,815,246,77,24,4.961
819,0,853,258,815,246,77,24,6.075
820,0,853,258,815,246,77,24,115.627
821,0,853,258,815,246,77,24,5.945
822,0,853,258,815,246,77,24,6.052
823,0,853,258,815,246,77,24,6.022
824,0,853,258,815,246,77,24,6.202
825,0,853,258,815,246,77,24,6.298
826,0,853,258,815,246,77,24,5.71
827,0,853,258,815,246,77,24,6.03
828,0,853,258,815,246,77,24,5.467
829,0,853,258,815,246,77,24,5.135
830,0,853,258,815,246,77,24,89.187
831,0,853,258,815,246,77,24,4.931
832,0,853,258,815,246,77,24,5.121
833,0,853,258,815,246,77,24,5.808
834,0,853,258,815,246,77,24,4.644
835,0,853,258,815,246,77,24,5.538
836,0,853,258,815,246,77,24,5.702
837,0,853,258,815,246,77,24,5.791
838,0,853,258,815,246,77,24,5.652
839,0,853,258,815,246,77,24,5.458
840,0,853,258,815,246,77,24,119.187
841,0,853,258,815,246,77,24,5.879
842,0,853,258,815,246,77,24,5.008
843,0,853,258,815,246,77,24,5.066
844,0,853,258,815,246,77,24,5.767
845,0,853,258,815,246,77,24,5.55
846,0,853,258,815,246,77,24,6.163
847,0,853,258,815,246,77,24,5.613
848,0,853,258,815,246,77,24,5.115
849,0,853,258,815,246,77,24,6.731
850,0,853,258,815,246,77,24,107.752
851,0,853,258,815,246,77,24,5.421
852,0,853,258,815,246,77,24,5.427
853,0,853,258,815,246,77,24,5.234
854,0,853,258,815,246,77,24,5.983
855,0,853,258,815,246,77,24,6.33
856,0,853,258,815,246,77,24,6.51
857,0,853,258,815,246,77,24,6.314
858,0,853,258,815,246,77,24,6.277
859,0,853,258,815,246,77,24,6.141
860,0,853,258,815,246,77,24,110.114
861,0,853,258,815,246,77,24,6.132
862,0,853,258,815,246,77,24,6.669
863,0,853,258,815,246,77,24,6.302
864,0,853,258,815,246,77,24,6.024
865,0,853,258,815,246,77,24,5.342
866,0,853,258,815,246,77,24,4.898
867,0,853,258,815,246,77,24,5.601
868,0,853,258,815,246,77,24,5.737
869,0,853,258,815,246,77,24,5.426
870,0,853,258,815,246,77,24,141.374
871,0,853,258,815,246,77,24,5.877
872,0,853,258,815,246,77,24,6.698
873,0,853,258,815,246,77,24,6.203
874,0,853,258,815,246,77,24,5.891
875,0,853,258,815,246,77,24,7.387
876,0,853,258,815,246,77,24,6.617
877,0,853,258,815,246,77,24,7.001
878,0,853,258,815,246,77,24,6.159
879,0,853,258,815,246,77,24,6.521
880,0,853,258,815,246,77,24,102.008
881,0,853,258,815,246,77,24,5.233
882,0,853,258,815,246,77,24,5.236
883,0,853,258,815,246,77,24,4.826
884,0,853,258,815,246,77,24,5.102
885,0,853,258,815,246,77,24,5.365
886,0,853,258,815,246,77,24,5.387
887,0,853,258,815,246,77,24,6.653
888,0,853,258,815,246,77,24,6.063
889,0,853,258,815,246,77,24,5.226
890,0,853,258,815,246,77,24,103.446
891,0,853,258,815,246,77,24,5.249
892,0,853,258,815,246,77,24,6.084
893,0,853,258,815,246,77,24,5.566
894,0,853,258,815,246,77,24,5.635
895,0,853,258,815,246,77,24,5.069
896,0,853,258,815,246,77,24,5.263
897,0,853,258,815,246,77,24,4.967
898,0,853,258,815,246,77,24,5.671
899,0,853,258,815,246,77,24,5.337
900,0,853,258,815,246,77,24,100.82
901,0,853,258,815,246,77,24,5.552
902,0,853,258,815,246,77,24,5.826
903,0,853,258,815,246,77,24,5.614
904,0,853,258,815,246,77,24,5.333
905,0,853,258,815,246,77,24,5.919
906,0,853,258,815,246,77,24,5.74
907,0,853,258,815,246,77,24,5.819
908,0,853,258,815,246,77,24,4.834
909,0,853,258,815,246,77,24,5.576
910,0,853,258,815,246,77,24,144.02
911,0,853,258,815,246,77,24,5.649
912,0,853,258,815,246,77,24,5.173
913,0,853,258,815,246,77,24,5.557
914,0,853,258,815,246,77,24,5.796
915,0,853,258,815,246,77,24,5.458
916,0,853,258,815,246,77,24,5.952
917,0,853,258,815,246,77,24,6.182
918,0,853,258,815,246,77,24,5.041
919,0,853,258,815,246,77,24,6.278
920,0,853,258,815,246,77,24,135.193
921,0,853,258,815,246,77,24,6.162
922,0,853,258,815,246,77,24,5.454
923,0,853,258,815,246,77,24,5.282
924,0,853,258,815,246,77,24,4.966
925,0,853,258,815,246,77,24,5.727
926,0,853,258,815,246,77,24,5.407
927,0,853,258,815,246,77,24,7.018
928,0,853,258,815,246,77,24,5.142
929,0,853,258,815,246,77,24,6.083
930,0,853,258,815,246,77,24,136.306
931,0,853,258,815,246,77,24,6.36
932,0,853,258,815,246,77,24,5.414
933,0,853,258,815,246,77,24,5.29
934,0,853,258,815,246,77,24,6.12
935,0,853,258,815,246,77,24,5.652
936,0,853,258,815,246,77,24,6.122
937,0,853,258,815,246,77,24,6.105
938,0,853,258,815,246,77,24,5.546
939,0,853,258,815,246,77,24,5.081
940,0,853,258,815,246,77,24,99.975
941,0,853,258,815,246,77,24,5.553
942,0,853,258,815,246,77,24,5.124
943,0,853,258,815,246,77,24,6.651
944,0,853,258,815,246,77,24,5.983
945,0,853,258,815,246,77,24,4.922
946,0,853,258,815,246,77,24,5.018
947,0,853,258,815,246,77,24,5.803
948,0,853,258,815,246,77,24,5.48
949,0,853,258,815,246,77,24,5.841
950,0,853,258,815,246,77,24,138.319
951,0,853,258,815,246,77,24,5.111
952,0,853,258,815,246,77,24,5.399
953,0,853,258,815,246,77,24,5.93
954,0,853,258,815,246,77,24,5.618
955,0,853,258,815,246,77,24,6.396
956,0,853,258,815,246,77,24,4.778
957,0,853,258,815,246,77,24,5.505
958,0,853,258,815,246,77,24,5.679
959,0,853,258,815,246,77,24,5.691
960,0,853,258,815,246,77,24,159.472
961,0,853,258,815,246,77,24,6.031
962,0,853,258,815,246,77,24,6.495
963,0,853,258,815,246,77,24,6.799
964,0,853,258,815,246,77,24,6.293
965,0,853,258,815,246,77,24,7.01
966,0,853,258,815,246,77,24,5.486
967,0,853,258,815,246,77,24,5.659
968,0,853,258,815,246,77,24,5.515
969,0,853,258,815,246,77,24,5.71
970,0,853,258,815,246,77,24,93.608
971,0,853,258,815,246,77,24,6.5
972,0,853,258,815,246,77,24,6.948
973,0,853,258,815,246,77,24,7.182
974,0,853,258,815,246,77,24,6.524
975,0,853,258,815,246,77,24,6.195
976,0,853,258,815,246,77,24,5.324
977,0,853,258,815,246,77,24,5.064
978,0,853,258,815,246,77,24,5.426
979,0,853,258,815,246,77,24,5.042
980,0,853,258,815,246,77,24,131.969
981,0,853,258,815,246,77,24,5.23
982,0,853,258,815,246,77,24,5.644
983,0,853,258,815,246,77,24,5.973
984,0,853,258,815,246,77,24,9.176
985,0,853,258,815,246,77,24,6.713
986,0,853,258,815,246,77,24,7.626
987,0,853,258,815,246,77,24,8.124
988,0,853,258,815,246,77,24,8.228
989,0,853,258,815,246,77,24,7.083
990,0,853,258,815,246,77,24,136.907
991,0,853,258,815,246,77,24,4.937
992,0,853,258,815,246,77,24,5.052
993,0,853,258,815,246,77,24,6.19
994,0,853,258,815,246,77,24,6.096
995,0,853,258,815,246,77,24,5.154
996,0,853,258,815,246,77,24,5.56
997,0,853,258,815,246,77,24,5.683
998,0,853,258,815,246,77,24,5.798
999,0,853,258,815,246,77,24,5.611
1000,0,853,258,815,246,77,24,97.988
1001,0,853,258,815,246,77,24,5.566
1002,0,853,258,815,246,77,24,5.267
1003,0,853,258,815,246,77,24,6.421
1004,0,853,258,815,246,77,24,5.254
1005,0,853,258,815,246,77,24,5.117
1006,0,853,258,815,246,77,24,5.547
1007,0,853,258,815,246,77,24,6.035
1008,0,853,258,815,246,77,24,5.541
1009,0,853,258,815,246,77,24,5.934
1010,0,853,258,815,246,77,24,144.171
1011,0,853,258,815,246,77,24,5.776
1012,0,853,258,815,246,77,24,5.572
1013,0,853,258,815,246,77,24,5.665
1014,0,853,258,815,246,77,24,5.402
1015,0,853,258,815,246,77,24,5.676
1016,0,853,258,815,246,77,24,5.103
1017,0,853,258,815,246,77,24,5.647
1018,0,853,258,815,246,77,24,5.561
1019,0,853,258,815,246,77,24,5.435
1020,0,853,258,815,246,77,24,160.22
1021,0,853,258,815,246,77,24,6.199
1022,0,853,258,815,246,77,24,6.201
1023,0,853,258,815,246,77,24,5.032
1024,0,853,258,815,246,77,24,5.531
1025,0,853,258,815,246,77,24,5.686
1026,0,853,258,815,246,77,24,5.619
1027,0,853,258,815,246,77,24,5.494
1028,0,853,258,815,246,77,24,5.278
1029,0,853,258,815,246,77,24,5.292
1030,0,853,258,815,246,77,24,103.288
1031,0,853,258,815,246,77,24,6.105
1032,0,853,258,815,246,77,24,7.21
1033,0,853,258,815,246,77,24,6.681
1034,0,853,258,815,246,77,24,6.471
1035,0,853,258,815,246,77,24,6.395
1036,0,853,258,815,246,77,24,5.803
1037,0,853,258,815,246,77,24,5.219
1038,0,853,258,815,246,77,24,5.052
1039,0,853,258,815,246,77,24,5.736
1040,0,853,258,815,246,77,24,159.661
1041,0,853,258,815,246,77,24,7.808
1042,0,853,258,815,246,77,24,6.144
1043,0,853,258,815,246,77,24,5.67
1044,0,853,258,815,246,77,24,6.878
1045,0,853,258,815,246,77,24,6.962
1046,0,853,258,815,246,77,24,6.05
1047,0,853,258,815,246,77,24,6.132
1048,0,853,258,815,246,77,24,5.781
1049,0,853,258,815,246,77,24,6.767
1050,0,853,258,815,246,77,24,110.484
1051,0,853,258,815,246,77,24,6.063
1052,0,853,258,815,246,77,24,5.153
1053,0,853,258,815,246,77,24,4.971
1054,0,853,258,815,246,77,24,5.506
1055,0,853,258,815,246,77,24,5.588
1056,0,853,258,815,246,77,24,5.2
1057,0,853,258,815,246,77,24,6.558
1058,0,853,258,815,246,77,24,5.623
1059,0,853,258,815,246,77,24,4.929
1060,0,853,258,815,246,77,24,91.388
1061,0,853,258,815,246,77,24,5.432
1062,0,853,258,815,246,77,24,5.199
1063,0,853,258,815,246,77,24,4.878
1064,0,853,258,815,246,77,24,5.776
1065,0,853,258,815,246,77,24,5.176
1066,0,853,258,815,246,77,24,5.585
1067,0,853,258,815,246,77,24,5.316
1068,0,853,258,815,246,77,24,5.486
1069,0,853,258,815,246,77,24,6.063
1070,0,853,258,815,246,77,24,142.385
1071,0,853,258,815,246,77,24,5.836
1072,0,853,258,815,246,77,24,5.625
1073,0,853,258,815,246,77,24,5.34
1074,0,853,258,815,246,77,24,5.425
1075,0,853,258,815,246,77,24,6.324
1076,0,853,258,815,246,77,24,6.134
1077,0,853,258,815,246,77,24,5.985
1078,0,853,258,815,246,77,24,4.953
1079,0,853,258,815,246,77,24,5.679
1080,0,853,258,815,246,77,24,107.293
1081,0,853,258,815,246,77,24,5.97
1082,0,853,258,815,246,77,24,5.764
1083,0,853,258,815,246,77,24,6.997
1084,0,853,258,815,246,77,24,5.423
1085,0,853,258,815,246,77,24,5.609
1086,0,853,258,815,246,77,24,6.306
1087,0,853,258,815,246,77,24,6.085
1088,0,853,258,815,246,77,24,6.0
1089,0,853,258,815,246,77,24,5.762
1090,0,853,258,815,246,77,24,156.448
1091,0,853,258,815,246,77,24,5.949
1092,0,853,258,815,246,77,24,5.603
1093,0,853,258,815,246,77,24,6.164
1094,0,853,258,815,246,77,24,6.513
1095,0,853,258,815,246,77,24,5.438
1096,0,853,258,815,246,77,24,4.978
1097,0,853,258,815,246,77,24,4.902
1098,0,853,258,815,246,77,24,5.736
1099,0,853,258,815,246,77,24,4.812
1100,0,853,258,815,246,77,24,141.738
1101,0,853,258,815,246,77,24,6.242
1102,0,853,258,815,246,77,24,5.538
1103,0,853,258,815,246,77,24,5.374
1104,0,853,258,815,246,77,24,5.001
1105,0,853,258,815,246,77,24,5.847
1106,0,853,258,815,246,77,24,5.286
1107,0,853,258,815,246,77,24,5.795
1108,0,853,258,815,246,77,24,5.69
1109,0,853,258,815,246,77,24,5.718
1110,0,853,258,815,246,77,24,141.642
1111,0,853,258,815,246,77,24,5.524
1112,0,853,258,815,246,77,24,5.652
1113,0,853,258,815,246,77,24,5.306
1114,0,853,258,815,246,77,24,5.837
1115,0,853,258,815,246,77,24,5.782
1116,0,853,258,815,246,77,24,5.204
1117,0,853,258,815,246,77,24,5.731
1118,0,853,258,815,246,77,24,5.218
1119,0,853,258,815,246,77,24,6.106
1120,0,853,258,815,246,77,24,120.688
1121,0,853,258,815,246,77,24,5.804
1122,0,853,258,815,246,77,24,5.751
1123,0,853,258,815,246,77,24,5.682
1124,0,853,258,815,246,77,24,5.509
1125,0,853,258,815,246,77,24,5.396
1126,0,853,258,815,246,77,24,7.574
1127,0,853,258,815,246,77,24,7.136
1128,0,853,258,815,246,77,24,7.262
1129,0,853,258,815,246,77,24,7.909
1130,0,853,258,815,246,77,24,138.128
1131,0,853,258,815,246,77,24,5.633
1132,0,853,258,815,246,77,24,5.209
1133,0,853,258,815,246,77,24,5.375
1134,0,853,258,815,246,77,24,6.258
1135,0,853,258,815,246,77,24,5.388
1136,0,853,258,815,246,77,24,5.735
1137,0,853,258,815,246,77,24,5.647
1138,0,853,258,815,246,77,24,5.671
1139,0,853,258,815,246,77,24,5.547
1140,0,853,258,815,246,77,24,100.366
1141,0,853,258,815,246,77,24,5.428
1142,0,853,258,815,246,77,24,6.544
1143,0,853,258,815,246,77,24,5.188
1144,0,853,258,815,246,77,24,10.964
1145,0,853,258,815,246,77,24,6.615
1146,0,853,258,815,246,77,24,6.578
1147,0,853,258,815,246,77,24,6.049
1148,0,853,258,815,246,77,24,6.383
1149,0,853,258,815,246,77,24,5.861
1150,0,853,258,815,246,77,24,134.935
1151,0,853,258,815,246,77,24,5.45
1152,0,853,258,815,246,77,24,5.517
1153,0,853,258,815,246,77,24,6.293
1154,0,853,258,815,246,77,24,4.984
1155,0,853,258,815,246,77,24,6.443
1156,0,853,258,815,246,77,24,6.109
1157,0,853,258,815,246,77,24,5.194
1158,0,853,258,815,246,77,24,5.708
1159,0,853,258,815,246,77,24,5.434
1160,0,853,258,815,246,77,24,129.11
1161,0,853,258,815,246,77,24,7.065
1162,0,853,258,815,246,77,24,6.804
1163,0,853,258,815,246,77,24,6.563
1164,0,853,258,815,246,77,24,4.993
1165,0,853,258,815,246,77,24,5.528
1166,0,853,258,815,246,77,24,5.619
1167,0,853,258,815,246,77,24,5.439
1168,0,853,258,815,246,77,24,5.138
1169,0,853,258,815,246,77,24,5.465
1170,0,853,258,815,246,77,24,92.051
1171,0,853,258,815,246,77,24,5.519
1172,0,853,258,815,246,77,24,5.566
1173,0,853,258,815,246,77,24,6.01
1174,0,853,258,815,246,77,24,5.273
1175,0,853,258,815,246,77,24,6.12
1176,0,853,258,815,246,77,24,5.855
1177,0,853,258,815,246,77,24,6.206
1178,0,853,258,815,246,77,24,4.894
1179,0,853,258,815,246,77,24,5.649
1180,0,853,258,815,246,77,24,131.232
1181,0,853,258,815,246,77,24,4.806
1182,0,853,258,815,246,77,24,5.522
1183,0,853,258,815,246,77,24,5.75
1184,0,853,258,815,246,77,24,5.947
1185,0,853,258,815,246,77,24,5.767
1186,0,853,258,815,246,77,24,5.037
1187,0,853,258,815,246,77,24,5.592
1188,0,853,258,815,246,77,24,5.833
1189,0,853,258,815,246,77,24,5.347
1190,0,853,258,815,246,77,24,89.681
1191,0,853,258,815,246,77,24,5.646
1192,0,853,258,815,246,77,24,5.594
1193,0,853,258,815,246,77,24,5.607
1194,0,853,258,815,246,77,24,5.676
1195,0,853,258,815,246,77,24,5.774
1196,0,853,258,815,246,77,24,5.09
1197,0,853,258,815,246,77,24,7.138
1198,0,853,258,815,246,77,24,6.173
1199,0,853,258,815,246,77,24,5.865
1200,0,853,258,815,246,77,24,130.13
1201,0,853,258,815,246,77,24,6.174
1202,0,853,258,815,246,77,24,5.34
1203,0,853,258,815,246,77,24,5.779
1204,0,853,258,815,246,77,24,5.744
1205,0,853,258,815,246,77,24,5.961
1206,0,853,258,815,246,77,24,6.545
1207,0,853,258,815,246,77,24,6.409
1208,0,853,258,815,246,77,24,6.472
1209,0,853,258,815,246,77,24,7.226
1210,0,853,258,815,246,77,24,96.081
1211,0,853,258,815,246,77,24,5.757
1212,0,853,258,815,246,77,24,5.73
1213,0,853,258,815,246,77,24,6.659
1214,0,853,258,815,246,77,24,6.623
1215,0,853,258,815,246,77,24,6.519
1216,0,853,258,815,246,77,24,6.73
1217,0,853,258,815,246,77,24,6.479
1218,0,853,258,815,246,77,24,5.963
1219,0,853,258,815,246,77,24,6.9
1220,0,853,258,815,246,77,24,125.508
1221,0,853,258,815,246,77,24,5.469
1222,0,853,258,815,246,77,24,5.658
1223,0,853,258,815,246,77,24,5.218
1224,0,853,258,815,246,77,24,5.908
1225,0,853,258,815,246,77,24,5.757
1226,0,853,258,815,246,77,24,5.569
1227,0,853,258,815,246,77,24,5.05
1228,0,853,258,815,246,77,24,5.451
1229,0,853,258,815,246,77,24,5.455
1230,0,853,258,815,246,77,24,102.1
1231,0,853,258,815,246,77,24,5.396
1232,0,853,258,815,246,77,24,5.286
1233,0,853,258,815,246,77,24,5.438
1234,0,853,258,815,246,77,24,5.591
1235,0,853,258,815,246,77,24,6.1
1236,0,853,258,815,246,77,24,5.627
1237,0,853,258,815,246,77,24,5.077
1238,0,853,258,815,246,77,24,6.776
1239,0,853,258,815,246,77,24,5.042
1240,0,853,258,815,246,77,24,100.669
1241,0,853,258,815,246,77,24,5.641
1242,0,853,258,815,246,77,24,5.599
1243,0,853,258,815,246,77,24,5.805
1244,0,853,258,815,246,77,24,4.892
1245,0,853,258,815,246,77,24,6.407
1246,0,853,258,815,246,77,24,5.805
1247,0,853,258,815,246,77,24,5.113
1248,0,853,258,815,246,77,24,5.713
1249,0,853,258,815,246,77,24,5.798
1250,0,853,258,815,246,77,24,104.649
1251,0,853,258,815,246,77,24,5.33
1252,0,853,258,815,246,77,24,4.871
1253,0,853,258,815,246,77,24,5.612
1254,0,853,258,815,246,77,24,4.97
1255,0,853,258,815,246,77,24,5.648
1256,0,853,258,815,246,77,24,5.593
1257,0,853,258,815,246,77,24,5.838
1258,0,853,258,815,246,77,24,5.519
1259,0,853,258,815,246,77,24,5.971
1260,0,853,258,815,246,77,24,151.478
1261,0,853,258,815,246,77,24,5.579
1262,0,853,258,815,246,77,24,5.484
1263,0,853,258,815,246,77,24,5.967
1264,0,853,258,815,246,77,24,5.869
1265,0,853,258,815,246,77,24,5.896
1266,0,853,258,815,246,77,24,6.792
1267,0,853,258,815,246,77,24,6.212
1268,0,853,258,815,246,77,24,5.47
1269,0,853,258,815,246,77,24,5.17
1270,0,853,258,815,246,77,24,143.7
1271,0,853,258,815,246,77,24,6.314
1272,0,853,258,815,246,77,24,5.55
1273,0,853,258,815,246,77,24,6.214
1274,0,853,258,815,246,77,24,6.31
1275,0,853,258,815,246,77,24,6.292
1276,0,853,258,815,246,77,24,5.435
1277,0,853,258,815,246,77,24,7.638
1278,0,853,258,815,246,77,24,5.37
1279,0,853,258,815,246,77,24,6.057
1280,0,853,258,815,246,77,24,144.659
1281,0,853,258,815,246,77,24,6.047
1282,0,853,258,815,246,77,24,5.512
1283,0,853,258,815,246,77,24,5.988
1284,0,853,258,815,246,77,24,6.503
1285,0,853,258,815,246,77,24,6.615
1286,0,853,258,815,246,77,24,8.169
1287,0,853,258,815,246,77,24,7.134
1288,0,853,258,815,246,77,24,8.21
1289,0,853,258,815,246,77,24,7.023
1290,0,853,258,815,246,77,24,164.467
1291,0,853,258,815,246,77,24,5.751
1292,0,853,258,815,246,77,24,4.983
1293,0,853,258,815,246,77,24,4.952
1294,0,853,258,815,246,77,24,5.566
1295,0,853,258,815,246,77,24,5.774
1296,0,853,258,815,246,77,24,6.043
1297,0,853,258,815,246,77,24,6.571
1298,0,853,258,815,246,77,24,7.444
1299,0,853,258,815,246,77,24,7.298
1300,0,853,258,815,246,77,24,147.305
1301,0,853,258,815,246,77,24,5.81
1302,0,853,258,815,246,77,24,5.463
1303,0,853,258,815,246,77,24,5.683
1304,0,853,258,815,246,77,24,5.598
1305,0,853,258,815,246,77,24,5.425
1306,0,853,258,815,246,77,24,5.338
1307,0,853,258,815,246,77,24,6.095
1308,0,853,258,815,246,77,24,6.054
1309,0,853,258,815,246,77,24,6.316
1310,0,853,258,815,246,77,24,118.46
1311,0,853,258,815,246,77,24,5.09
1312,0,853,258,815,246,77,24,5.661
1313,0,853,258,815,246,77,24,5.605
1314,0,853,258,815,246,77,24,5.62
1315,0,853,258,815,246,77,24,5.606
1316,0,853,258,815,246,77,24,6.011
1317,0,853,258,815,246,77,24,5.805
1318,0,853,258,815,246,77,24,6.203
1319,0,853,258,815,246,77,24,6.168
1320,0,853,258,815,246,77,24,120.715
1321,0,853,258,815,246,77,24,5.212
1322,0,853,258,815,246,77,24,5.542
1323,0,853,258,815,246,77,24,5.995
1324,0,853,258,815,246,77,24,6.144
1325,0,853,258,815,246,77,24,5.941
1326,0,853,258,815,246,77,24,5.727
1327,0,853,258,815,246,77,24,7.044
1328,0,853,258,815,246,77,24,6.097
1329,0,853,258,815,246,77,24,5.436
1330,0,853,258,815,246,77,24,132.109
1331,0,853,258,815,246,77,24,5.466
1332,0,853,258,815,246,77,24,5.258
1333,0,853,258,815,246,77,24,5.754
1334,0,853,258,815,246,77,24,5.157
1335,0,853,258,815,246,77,24,5.793
1336,0,853,258,815,246,77,24,5.352
1337,0,853,258,815,246,77,24,5.099
1338,0,853,258,815,246,77,24,5.806
1339,0,853,258,815,246,77,24,5.063
1340,0,853,258,815,246,77,24,78.554
1341,0,853,258,815,246,77,24,5.83
1342,0,853,258,815,246,77,24,5.456
1343,0,853,258,815,246,77,24,5.276
1344,0,853,258,815,246,77,24,5.313
1345,0,853,258,815,246,77,24,4.828
1346,0,853,258,815,246,77,24,5.861
1347,0,853,258,815,246,77,24,6.16
1348,0,853,258,815,246,77,24,5.021
1349,0,853,258,815,246,77,24,5.631
1350,0,853,258,815,246,77,24,109.721
1351,0,853,258,815,246,77,24,5.703
1352,0,853,258,815,246,77,24,5.534
1353,0,853,258,815,246,77,24,5.335
1354,0,853,258,815,246,77,24,6.194
1355,0,853,258,815,246,77,24,5.892
1356,0,853,258,815,246,77,24,5.689
1357,0,853,258,815,246,77,24,5.82
1358,0,853,258,815,246,77,24,6.716
1359,0,853,258,815,246,77,24,5.868
1360,0,853,258,815,246,77,24,103.269
1361,0,853,258,815,246,77,24,6.021
1362,0,853,258,815,246,77,24,5.581
1363,0,853,258,815,246,77,24,5.49
1364,0,853,258,815,246,77,24,5.856
1365,0,853,258,815,246,77,24,5.085
1366,0,853,258,815,246,77,24,5.859
1367,0,853,258,815,246,77,24,5.846
1368,0,853,258,815,246,77,24,5.634
1369,0,853,258,815,246,77,24,4.887
1370,0,853,258,815,246,77,24,131.999
1371,0,853,258,815,246,77,24,5.352
1372,0,853,258,815,246,77,24,5.123
1373,0,853,258,815,246,77,24,6.3
1374,0,853,258,815,246,77,24,5.208
1375,0,853,258,815,246,77,24,5.888
1376,0,853,258,815,246,77,24,5.745
1377,0,853,258,815,246,77,24,5.333
1378,0,853,258,815,246,77,24,5.634
1379,0,853,258,815,246,77,24,4.996
1380,0,853,258,815,246,77,24,125.108
1381,0,853,258,815,246,77,24,5.343
1382,0,853,258,815,246,77,24,7.112
1383,0,853,258,815,246,77,24,8.122
1384,0,853,258,815,246,77,24,6.83
1385,0,853,258,815,246,77,24,6.195
1386,0,853,258,815,246,77,24,6.893
1387,0,853,258,815,246,77,24,7.034
1388,0,853,258,815,246,77,24,6.615
1389,0,853,258,815,246,77,24,5.435
1390,0,853,258,815,246,77,24,105.105
1391,0,853,258,815,246,77,24,6.998
1392,0,853,258,815,246,77,24,6.127
1393,0,853,258,815,246,77,24,5.848
1394,0,853,258,815,246,77,24,5.63
1395,0,853,258,815,246,77,24,5.613
1396,0,853,258,815,246,77,24,5.577
1397,0,853,258,815,246,77,24,5.864
1398,0,853,258,815,246,77,24,7.496
1399,0,853,258,815,246,77,24,5.481
1400,0,853,258,815,246,77,24,134.808
1401,0,853,258,815,246,77,24,5.502
1402,0,853,258,815,246,77,24,4.925
1403,0,853,258,815,246,77,24,4.948
1404,0,853,258,815,246,77,24,5.583
1405,0,853,258,815,246,77,24,5.284
1406,0,853,258,815,246,77,24,6.024
1407,0,853,258,815,246,77,24,5.809
1408,0,853,258,815,246,77,24,5.776
1409,0,853,258,815,246,77,24,5.726
1410,0,853,258,815,246,77,24,97.397
1411,0,853,258,815,246,77,24,5.692
1412,0,853,258,815,246,77,24,5.293
1413,0,853,258,815,246,77,24,5.573
1414,0,853,258,815,246,77,24,5.584
1415,0,853,258,815,246,77,24,5.524
1416,0,853,258,815,246,77,24,5.638
1417,0,853,258,815,246,77,24,5.449
1418,0,853,258,815,246,77,24,5.949
1419,0,853,258,815,246,77,24,6.455
1420,0,853,258,815,246,77,24,121.835
1421,0,853,258,815,246,77,24,6.21
1422,0,853,258,815,246,77,24,5.214
1423,0,853,258,815,246,77,24,5.924
1424,0,853,258,815,246,77,24,5.616
1425,0,853,258,815,246,77,24,5.712
1426,0,853,258,815,246,77,24,5.068
1427,0,853,258,815,246,77,24,5.685
1428,0,853,258,815,246,77,24,5.87
1429,0,853,258,815,246,77,24,5.696
1430,0,853,258,815,246,77,24,129.656
1431,0,853,258,815,246,77,24,6.404
1432,0,853,258,815,246,77,24,6.448
1433,0,853,258,815,246,77,24,6.144
1434,0,853,258,815,246,77,24,5.367
1435,0,853,258,815,246,77,24,5.473
1436,0,853,258,815,246,77,24,5.106
1437,0,853,258,815,246,77,24,7.254
1438,0,853,258,815,246,77,24,6.399
1439,0,853,258,815,246,77,24,6.155
1440,0,853,258,815,246,77,24,100.639
1441,0,853,258,815,246,77,24,6.274
1442,0,853,258,815,246,77,24,5.675
1443,0,853,258,815,246,77,24,5.808
1444,0,853,258,815,246,77,24,5.943
1445,0,853,258,815,246,77,24,5.837
1446,0,853,258,815,246,77,24,5.282
1447,0,853,258,815,246,77,24,5.003
1448,0,853,258,815,246,77,24,5.715
1449,0,853,258,815,246,77,24,5.575
1450,0,853,258,815,246,77,24,130.903
1451,0,853,258,815,246,77,24,5.695
1452,0,853,258,815,246,77,24,5.437
1453,0,853,258,815,246,77,24,6.087
1454,0,853,258,815,246,77,24,5.886
1455,0,853,258,815,246,77,24,5.687
1456,0,853,258,815,246,77,24,5.728
1457,0,853,258,815,246,77,24,5.65
1458,0,853,258,815,246,77,24,4.987
1459,0,853,258,815,246,77,24,5.592
1460,0,853,258,815,246,77,24,84.126
1461,0,853,258,815,246,77,24,5.403
1462,0,853,258,815,246,77,24,4.928
1463,0,853,258,815,246,77,24,5.586
1464,0,853,258,815,246,77,24,5.622
1465,0,853,258,815,246,77,24,5.516
1466,0,853,258,815,246,77,24,5.587
1467,0,853,258,815,246,77,24,6.132
1468,0,853,258,815,246,77,24,5.551
1469,0,853,258,815,246,77,24,6.32
1470,0,853,258,815,246,77,24,123.737
1471,0,853,258,815,246,77,24,5.785
1472,0,853,258,815,246,77,24,6.875
1473,0,853,258,815,246,77,24,6.779
1474,0,853,258,815,246,77,24,6.03
1475,0,853,258,815,246,77,24,6.564
1476,0,853,258,815,246,77,24,6.697
1477,0,853,258,815,246,77,24,6.66
1478,0,853,258,815,246,77,24,6.712
1479,0,853,258,815,246,77,24,5.43
1480,0,853,258,815,246,77,24,98.308
1481,0,853,258,815,246,77,24,5.669
1482,0,853,258,815,246,77,24,6.033
1483,0,853,258,815,246,77,24,5.247
1484,0,853,258,815,246,77,24,5.914
1485,0,853,258,815,246,77,24,6.643
1486,0,853,258,815,246,77,24,6.05
1487,0,853,258,815,246,77,24,5.853
1488,0,853,258,815,246,77,24,5.627
1489,0,853,258,815,246,77,24,5.406
1490,0,853,258,815,246,77,24,86.256
1491,0,853,258,815,246,77,24,5.298
1492,0,853,258,815,246,77,24,5.036
1493,0,853,258,815,246,77,24,5.034
1494,0,853,258,815,246,77,24,5.121
1495,0,853,258,815,246,77,24,5.336
1496,0,853,258,815,246,77,24,5.257
1497,0,853,258,815,246,77,24,5.794
1498,0,853,258,815,246,77,24,5.559
1499,0,853,258,815,246,77,24,5.785
1500,0,853,258,815,246,77,24,139.17
1501,0,853,258,815,246,77,24,5.985
1502,0,853,258,815,246,77,24,4.903
1503,0,853,258,815,246,77,24,5.738
1504,0,853,258,815,246,77,24,5.864
1505,0,853,258,815,246,77,24,4.875
1506,0,853,258,815,246,77,24,5.503
1507,0,853,258,815,246,77,24,5.575
1508,0,853,258,815,246,77,24,5.664
1509,0,853,258,815,246,77,24,6.225
1510,0,853,258,815,246,77,24,124.756
1511,0,853,258,815,246,77,24,5.875
1512,0,853,258,815,246,77,24,5.949
1513,0,853,258,815,246,77,24,5.371
1514,0,853,258,815,246,77,24,5.152
1515,0,853,258,815,246,77,24,5.861
1516,0,853,258,815,246,77,24,5.245
1517,0,853,258,815,246,77,24,5.46
1518,0,853,258,815,246,77,24,4.941
1519,0,853,258,815,246,77,24,5.017
1520,0,853,258,815,246,77,24,109.261
1521,0,853,258,815,246,77,24,5.445
1522,0,853,258,815,246,77,24,5.406
1523,0,853,258,815,246,77,24,5.448
1524,0,853,258,815,246,77,24,5.877
1525,0,853,258,815,246,77,24,5.697
1526,0,853,258,815,246,77,24,5.987
1527,0,853,258,815,246,77,24,5.007
1528,0,853,258,815,246,77,24,5.006
1529,0,853,258,815,246,77,24,5.664
1530,0,853,258,815,246,77,24,130.774
1531,0,853,258,815,246,77,24,4.957
1532,0,853,258,815,246,77,24,4.873
1533,0,853,258,815,246,77,24,6.255
1534,0,853,258,815,246,77,24,5.218
1535,0,853,258,815,246,77,24,5.822
1536,0,853,258,815,246,77,24,5.564
1537,0,853,258,815,246,77,24,5.501
1538,0,853,258,815,246,77,24,5.284
1539,0,853,258,815,246,77,24,5.426
1540,0,853,258,815,246,77,24,114.521
1541,0,853,258,815,246,77,24,5.588
1542,0,853,258,815,246,77,24,4.944
1543,0,853,258,815,246,77,24,5.932
1544,0,853,258,815,246,77,24,5.497
1545,0,853,258,815,246,77,24,5.396
1546,0,853,258,815,246,77,24,5.009
1547,0,853,258,815,246,77,24,6.77
1548,0,853,258,815,246,77,24,4.951
1549,0,853,258,815,246,77,24,5.715
1550,0,853,258,815,246,77,24,114.824
1551,0,853,258,815,246,77,24,5.694
1552,0,853,258,815,246,77,24,5.105
1553,0,853,258,815,246,77,24,5.921
1554,0,853,258,815,246,77,24,5.167
1555,0,853,258,815,246,77,24,5.794
1556,0,853,258,815,246,77,24,5.502
1557,0,853,258,815,246,77,24,5.844
1558,0,853,258,815,246,77,24,5.746
1559,0,853,258,815,246,77,24,5.717
1560,0,853,258,815,246,77,24,110.745
1561,0,853,258,815,246,77,24,6.808
1562,0,853,258,815,246,77,24,7.54
1563,0,853,258,815,246,77,24,6.828
1564,0,853,258,815,246,77,24,6.276
1565,0,853,258,815,246,77,24,8.01
1566,0,853,258,815,246,77,24,7.907
1567,0,853,258,815,246,77,24,6.77
1568,0,853,258,815,246,77,24,6.244
1569,0,853,258,815,246,77,24,5.19
1570,0,853,258,815,246,77,24,143.24
1571,0,853,258,815,246,77,24,5.487
1572,0,853,258,815,246,77,24,5.36
1573,0,853,258,815,246,77,24,5.413
1574,0,853,258,815,246,77,24,6.219
1575,0,853,258,815,246,77,24,5.947
1576,0,853,258,815,246,77,24,5.477
1577,0,853,258,815,246,77,24,5.595
1578,0,853,258,815,246,77,24,5.662
1579,0,853,258,815,246,77,24,5.724
1580,0,853,258,815,246,77,24,162.953
1581,0,853,258,815,246,77,24,6.034
1582,0,853,258,815,246,77,24,6.725
1583,0,853,258,815,246,77,24,6.277
1584,0,853,258,815,246,77,24,6.077
1585,0,853,258,815,246,77,24,6.081
1586,0,853,258,815,246,77,24,5.616
1587,0,853,258,815,246,77,24,5.39
1588,0,853,258,815,246,77,24,6.249
1589,0,853,258,815,246,77,24,6.702
1590,0,853,258,815,246,77,24,120.361
1591,0,853,258,815,246,77,24,6.403
1592,0,853,258,815,246,77,24,5.677
1593,0,853,258,815,246,77,24,5.4
1594,0,853,258,815,246,77,24,4.972
1595,0,853,258,815,246,77,24,5.354
1596,0,853,258,815,246,77,24,4.906
1597,0,853,258,815,246,77,24,7.081
1598,0,853,258,815,246,77,24,7.501
1599,0,853,258,815,246,77,24,5.837
1600,0,853,258,815,246,77,24,114.586
1601,0,853,258,815,246,77,24,6.66
1602,0,853,258,815,246,77,24,5.574
1603,0,853,258,815,246,77,24,5.384
1604,0,853,258,815,246,77,24,4.861
1605,0,853,258,815,246,77,24,5.246
1606,0,853,258,815,246,77,24,5.58
1607,0,853,258,815,246,77,24,6.667
1608,0,853,258,815,246,77,24,5.204
1609,0,853,258,815,246,77,24,5.743
1610,0,853,258,815,246,77,24,102.555
1611,0,853,258,815,246,77,24,6.35
1612,0,853,258,815,246,77,24,6.488
1613,0,853,258,815,246,77,24,6.171
1614,0,853,258,815,246,77,24,5.606
1615,0,853,258,815,246,77,24,5.69
1616,0,853,258,815,246,77,24,5.675
1617,0,853,258,815,246,77,24,5.389
1618,0,853,258,815,246,77,24,5.543
1619,0,853,258,815,246,77,24,6.122
1620,0,853,258,815,246,77,24,108.906
1621,0,853,258,815,246,77,24,5.293
1622,0,853,258,815,246,77,24,5.34
1623,0,853,258,815,246,77,24,5.524
1624,0,853,258,815,246,77,24,5.625
1625,0,853,258,815,246,77,24,5.95
1626,0,853,258,815,246,77,24,5.331
1627,0,853,258,815,246,77,24,5.772
1628,0,853,258,815,246,77,24,5.858
1629,0,853,258,815,246,77,24,5.65
1630,0,853,258,815,246,77,24,154.294
1631,0,853,258,815,246,77,24,5.576
1632,0,853,258,815,246,77,24,5.251
1633,0,853,258,815,246,77,24,4.942
1634,0,853,258,815,246,77,24,5.575
1635,0,853,258,815,246,77,24,5.665
1636,0,853,258,815,246,77,24,5.684
1637,0,853,258,815,246,77,24,7.61
1638,0,853,258,815,246,77,24,7.194
1639,0,853,258,815,246,77,24,6.572
1640,0,853,258,815,246,77,24,93.424
1641,0,853,258,815,246,77,24,5.229
1642,0,853,258,815,246,77,24,5.004
1643,0,853,258,815,246,77,24,5.859
1644,0,853,258,815,246,77,24,7.365
1645,0,853,258,815,246,77,24,7.036
1646,0,853,258,815,246,77,24,5.835
1647,0,853,258,815,246,77,24,7.018
1648,0,853,258,815,246,77,24,7.252
1649,0,853,258,815,246,77,24,5.259
1650,0,853,258,815,246,77,24,130.68
1651,0,853,258,815,246,77,24,4.778
1652,0,853,258,815,246,77,24,4.839
1653,0,853,258,815,246,77,24,5.967
1654,0,853,258,815,246,77,24,5.31
1655,0,853,258,815,246,77,24,6.031
1656,0,853,258,815,246,77,24,5.929
1657,0,853,258,815,246,77,24,4.863
1658,0,853,258,815,246,77,24,5.821
1659,0,853,258,815,246,77,24,5.564
1660,0,853,258,815,246,77,24,142.6
1661,0,853,258,815,246,77,24,6.059
1662,0,853,258,815,246,77,24,6.207
1663,0,853,258,815,246,77,24,6.448
1664,0,853,258,815,246,77,24,6.944
1665,0,853,258,815,246,77,24,6.013
1666,0,853,258,815,246,77,24,5.262
1667,0,853,258,815,246,77,24,5.988
1668,0,853,258,815,246,77,24,7.142
1669,0,853,258,815,246,77,24,6.16
1670,0,853,258,815,246,77,24,119.665
1671,0,853,258,815,246,77,24,5.922
1672,0,853,258,815,246,77,24,5.229
1673,0,853,258,815,246,77,24,5.971
1674,0,853,258,815,246,77,24,6.44
1675,0,853,258,815,246,77,24,7.549
1676,0,853,258,815,246,77,24,7.246
1677,0,853,258,815,246,77,24,5.926
1678,0,853,258,815,246,77,24,6.288
1679,0,853,258,815,246,77,24,5.505
1680,0,853,258,815,246,77,24,164.72
1681,0,853,258,815,246,77,24,6.017
1682,0,853,258,815,246,77,24,5.946
1683,0,853,258,815,246,77,24,6.322
1684,0,853,258,815,246,77,24,6.135
1685,0,853,258,815,246,77,24,6.726
1686,0,853,258,815,246,77,24,6.931
1687,0,853,258,815,246,77,24,6.722
1688,0,853,258,815,246,77,24,6.494
1689,0,853,258,815,246,77,24,5.979
1690,0,853,258,815,246,77,24,131.313
1691,0,853,258,815,246,77,24,5.149
1692,0,853,258,815,246,77,24,5.189
1693,0,853,258,815,246,77,24,6.354
1694,0,853,258,815,246,77,24,5.102
1695,0,853,258,815,246,77,24,5.846
1696,0,853,258,815,246,77,24,5.791
1697,0,853,258,815,246,77,24,5.649
1698,0,853,258,815,246,77,24,5.349
1699,0,853,258,815,246,77,24,5.777
1700,0,853,258,815,246,77,24,95.885
1701,0,853,258,815,246,77,24,5.876
1702,0,853,258,815,246,77,24,5.461
1703,0,853,258,815,246,77,24,4.882
1704,0,853,258,815,246,77,24,5.517
1705,0,853,258,815,246,77,24,5.926
1706,0,853,258,815,246,77,24,7.683
1707,0,853,258,815,246,77,24,4.981
1708,0,853,258,815,246,77,24,5.656
1709,0,853,258,815,246,77,24,5.825
1710,0,853,258,815,246,77,24,105.457
1711,0,853,258,815,246,77,24,5.477
1712,0,853,258,815,246,77,24,4.882
1713,0,853,258,815,246,77,24,4.965
1714,0,853,258,815,246,77,24,7.437
1715,0,853,258,815,246,77,24,6.873
1716,0,853,258,815,246,77,24,7.076
1717,0,853,258,815,246,77,24,7.237
1718,0,853,258,815,246,77,24,6.076
1719,0,853,258,815,246,77,24,5.919
1720,0,853,258,815,246,77,24,100.594
1721,0,853,258,815,246,77,24,5.004
1722,0,853,258,815,246,77,24,4.729
1723,0,853,258,815,246,77,24,5.518
1724,0,853,258,815,246,77,24,5.621
1725,0,853,258,815,246,77,24,5.856
1726,0,853,258,815,246,77,24,6.071
1727,0,853,258,815,246,77,24,5.937
1728,0,853,258,815,246,77,24,6.21
1729,0,853,258,815,246,77,24,5.381
1730,0,853,258,815,246,77,24,136.598
1731,0,853,258,815,246,77,24,6.819
1732,0,853,258,815,246,77,24,8.078
1733,0,853,258,815,246,77,24,5.85
1734,0,853,258,815,246,77,24,5.533
1735,0,853,258,815,246,77,24,5.566
1736,0,853,258,815,246,77,24,5.493
1737,0,853,258,815,246,77,24,5.598
1738,0,853,258,815,246,77,24,5.427
1739,0,853,258,815,246,77,24,5.539
1740,0,853,258,815,246,77,24,163.067
1741,0,853,258,815,246,77,24,7.113
1742,0,853,258,815,246,77,24,5.399
1743,0,853,258,815,246,77,24,5.871
1744,0,853,258,815,246,77,24,5.32
1745,0,853,258,815,246,77,24,5.789
1746,0,853,258,815,246,77,24,4.819
1747,0,853,258,815,246,77,24,5.988
1748,0,853,258,815,246,77,24,5.761
1749,0,853,258,815,246,77,24,5.915
1750,0,853,258,815,246,77,24,78.364
1751,0,853,258,815,246,77,24,5.939
1752,0,853,258,815,246,77,24,6.258
1753,0,853,258,815,246,77,24,7.336
1754,0,853,258,815,246,77,24,7.385
1755,0,853,258,815,246,77,24,5.534
1756,0,853,258,815,246,77,24,5.82
1757,0,853,258,815,246,77,24,5.214
1758,0,853,258,815,246,77,24,5.04
1759,0,853,258,815,246,77,24,5.732
1760,0,853,258,815,246,77,24,91.588
1761,0,853,258,815,246,77,24,6.854
1762,0,853,258,815,246,77,24,5.257
1763,0,853,258,815,246,77,24,4.803
1764,0,853,258,815,246,77,24,5.278
1765,0,853,258,815,246,77,24,5.423
1766,0,853,258,815,246,77,24,5.44
1767,0,853,258,815,246,77,24,5.692
1768,0,853,258,815,246,77,24,4.947
1769,0,853,258,815,246,77,24,5.584
1770,0,853,258,815,246,77,24,111.698
1771,0,853,258,815,246,77,24,6.008
1772,0,853,258,815,246,77,24,6.394
1773,0,853,258,815,246,77,24,5.952
1774,0,853,258,815,246,77,24,5.878
1775,0,853,258,815,246,77,24,5.294
1776,0,853,258,815,246,77,24,4.963
1777,0,853,258,815,246,77,24,5.726
1778,0,853,258,815,246,77,24,4.944
1779,0,853,258,815,246,77,24,5.681
1780,0,853,258,815,246,77,24,102.758
1781,0,853,258,815,246,77,24,5.44
1782,0,853,258,815,246,77,24,6.917
1783,0,853,258,815,246,77,24,5.336
1784,0,853,258,815,246,77,24,5.638
1785,0,853,258,815,246,77,24,6.015
1786,0,853,258,815,246,77,24,5.401
1787,0,853,258,815,246,77,24,5.709
1788,0,853,258,815,246,77,24,5.476
1789,0,853,258,815,246,77,24,5.634
1790,0,853,258,815,246,77,24,113.228
1791,0,853,258,815,246,77,24,5.81
1792,0,853,258,815,246,77,24,5.16
1793,0,853,258,815,246,77,24,4.913
1794,0,853,258,815,246,77,24,6.581
1795,0,853,258,815,246,77,24,5.253
1796,0,853,258,815,246,77,24,5.647
1797,0,853,258,815,246,77,24,7.547
1798,0,853,258,815,246,77,24,7.382
1799,0,853,258,815,246,77,24,6.071
1800,0,853,258,815,246,77,24,129.643
1801,0,853,258,815,246,77,24,4.87
1802,0,853,258,815,246,77,24,5.407
1803,0,853,258,815,246,77,24,5.484
1804,0,853,258,815,246,77,24,5.266
1805,0,853,258,815,246,77,24,6.251
1806,0,853,258,815,246,77,24,5.958
1807,0,853,258,815,246,77,24,5.793
1808,0,853,258,815,246,77,24,6.041
1809,0,853,258,815,246,77,24,6.307
1810,0,853,258,815,246,77,24,102.721
1811,0,853,258,815,246,77,24,5.319
1812,0,853,258,815,246,77,24,5.108
1813,0,853,258,815,246,77,24,6.789
1814,0,853,258,815,246,77,24,5.304
1815,0,853,258,815,246,77,24,5.975
1816,0,853,258,815,246,77,24,5.664
1817,0,853,258,815,246,77,24,5.677
1818,0,853,258,815,246,77,24,6.59
1819,0,853,258,815,246,77,24,6.081
1820,0,853,258,815,246,77,24,125.198
1821,0,853,258,815,246,77,24,5.748
1822,0,853,258,815,246,77,24,5.588
1823,0,853,258,815,246,77,24,5.534
1824,0,853,258,815,246,77,24,5.191
1825,0,853,258,815,246,77,24,5.157
1826,0,853,258,815,246,77,24,5.44
1827,0,853,258,815,246,77,24,5.743
1828,0,853,258,815,246,77,24,6.13
1829,0,853,258,815,246,77,24,5.065
1830,0,853,258,815,246,77,24,114.076
1831,0,853,258,815,246,77,24,6.032
1832,0,853,258,815,246,77,24,5.67
1833,0,853,258,815,246,77,24,5.355
1834,0,853,258,815,246,77,24,5.614
1835,0,853,258,815,246,77,24,5.544
1836,0,853,258,815,246,77,24,5.632
1837,0,853,258,815,246,77,24,5.984
1838,0,853,258,815,246,77,24,5.402
1839,0,853,258,815,246,77,24,6.091
1840,0,853,258,815,246,77,24,108.78
1841,0,853,258,815,246,77,24,5.413
1842,0,853,258,815,246,77,24,5.817
1843,0,853,258,815,246,77,24,4.685
1844,0,853,258,815,246,77,24,4.416
1845,0,853,258,815,246,77,24,4.983
1846,0,853,258,815,246,77,24,5.411
1847,0,853,258,815,246,77,24,4.403
1848,0,853,258,815,246,77,24,4.267
1849,0,853,258,815,246,77,24,4.951
1850,0,853,258,815,246,77,24,102.51
1851,0,853,258,815,246,77,24,5.109
1852,0,854,258,816,246,77,24,4.65
1853,0,854,258,816,246,77,24,4.881
1854,0,855,258,817,246,77,24,4.91
